<!--
  ~ Copyright 2013 JBoss Inc
  ~
  ~ Licensed under the Apache License, Version 2.0 (the "License");
  ~ you may not use this file except in compliance with the License.
  ~ You may obtain a copy of the License at
  ~
  ~       http://www.apache.org/licenses/LICENSE-2.0
  ~
  ~ Unless required by applicable law or agreed to in writing, software
  ~ distributed under the License is distributed on an "AS IS" BASIS,
  ~ WITHOUT WARRANTIES OR CONDITIONS OF ANY KIND, either express or implied.
  ~ See the License for the specific language governing permissions and
  ~ limitations under the License.
  -->

<!DOCTYPE ui:UiBinder SYSTEM "http://dl.google.com/gwt/DTD/xhtml.ent">
<ui:UiBinder xmlns:ui="urn:ui:com.google.gwt.uibinder"
             xmlns:b="urn:import:com.github.gwtbootstrap.client.ui">

  <ui:with field="i18n" type="org.kie.workbench.common.screens.organizationalunit.manager.client.resources.i18n.OrganizationalUnitManagerConstants"/>

  <b:Well>
    <b:Fieldset>
      <b:Legend>Organizational Unit Information
        <small>* is required</small>
      </b:Legend>
      <b:ControlGroup ui:field="nameGroup">
        <b:ControlLabel for="name">
          <font color="red">*</font>
          Name
        </b:ControlLabel>
        <b:Controls>
          <b:TextBox b:id="name" ui:field="nameTextBox" placeholder="Organizational Unit name..."/>
          <b:HelpInline ui:field="nameHelpInline"/>
        </b:Controls>
      </b:ControlGroup>
      <b:ControlGroup ui:field="ownerGroup">
        <b:ControlLabel for="owner">
          Owner
        </b:ControlLabel>
        <b:Controls>
          <b:TextBox b:id="owner" ui:field="ownerTextBox" placeholder="Organizational Unit owner..."/>
        </b:Controls>
      </b:ControlGroup>
    </b:Fieldset>
  </b:Well>

</ui:UiBinder>