<?xml version="1.0" encoding="utf-8"?>
<!--
  Copyright 2012 JBoss Inc

  Licensed under the Apache License, Version 2.0 (the "License");
  you may not use this file except in compliance with the License.
  You may obtain a copy of the License at

       http://www.apache.org/licenses/LICENSE-2.0

  Unless required by applicable law or agreed to in writing, software
  distributed under the License is distributed on an "AS IS" BASIS,
  WITHOUT WARRANTIES OR CONDITIONS OF ANY KIND, either express or implied.
  See the License for the specific language governing permissions and
  limitations under the License.
 -->

<ui:UiBinder xmlns:ui="urn:ui:com.google.gwt.uibinder"
             xmlns:gwt="urn:import:com.google.gwt.user.client.ui"
             xmlns:b="urn:import:com.github.gwtbootstrap.client.ui"
        >

    <ui:with field="i18n" type="org.kie.workbench.common.screens.datamodeller.client.resources.i18n.Constants"/>

    <gwt:HTMLPanel>

            <gwt:VerticalPanel ui:field="mainPanel" styleName="row-fluid">
                <gwt:SimplePanel ui:field="breadCrumbsPanel"></gwt:SimplePanel>
                <!--datamodeler:DataObjectBreadcrums  divider=">" ui:field="dataObjectNavigation"/-->

                <gwt:HTMLPanel>
                    <!--div class="well" style="margin-top:20px;"-->
                    <div class="well well-small">

                        <h5>
                            <gwt:Label ui:field="newPropertyHeader" text="{i18n.objectBrowser_createProperty}"/>
                        </h5>

                        <div class="well">
                            <table>
                                <tr>
                                    <td style="white-space: nowrap; vertical-align: top;">
                                        <gwt:Label ui:field="newPropertyIdLabel" text="{i18n.objectBrowser_idLabel}"/>
                                    </td>
                                    <td style="padding-left: 4px;">
                                        <b:TextBox ui:field="newPropertyId" placeholder="{i18n.java_id_placeholder}"/>
                                    </td>
                                    <td align="right" style="padding-left: 15px; white-space: nowrap; vertical-align: top;">
                                        <gwt:Label ui:field="newPropertyLabelLabel" text="{i18n.objectBrowser_labelLabel}"/>
                                    </td>
                                    <td align="right" style="padding-left: 4px;">
                                        <b:TextBox ui:field="newPropertyLabel" placeholder="{i18n.objectBrowser_labelPlaceholder}"/>
                                    </td>
                                </tr>
                                <tr>
                                    <td style="white-space: nowrap; vertical-align: top;">
                                        <gwt:Label ui:field="newPropertyTypeLabel" text="{i18n.objectBrowser_typeLabel}"/>
                                    </td>
                                    <td style="padding-left: 4px;">
                                        <b:ListBox ui:field="newPropertyType"></b:ListBox>
                                    </td>
                                    <td colspan="2" align="right" style="padding-left: 4px;">
                                        <b:Button ui:field="newPropertyButton" styleName="btn btn-primary" text="{i18n.objectBrowser_create}"/>
                                    </td>
                                </tr>
                            </table>
                        </div>

                        <h5>
                            <gwt:Label ui:field="objectName" ></gwt:Label>
                        </h5>

                        <gwt:ScrollPanel width="100%" height="408px">
                            <b:CellTable ui:field="dataObjectPropertiesTable" styleName="table table-bordered table-striped table-hover"/>
                        </gwt:ScrollPanel>

                        <!--b:SimplePager ui:field="pager" display="{dataObjectPropertiesTable}"  /-->

                    </div>
                </gwt:HTMLPanel>

            </gwt:VerticalPanel>

    </gwt:HTMLPanel>
</ui:UiBinder>