<?xml version="1.0" encoding="utf-8"?>
<!--
  Copyright 2012 JBoss Inc

  Licensed under the Apache License, Version 2.0 (the "License");
  you may not use this file except in compliance with the License.
  You may obtain a copy of the License at

       http://www.apache.org/licenses/LICENSE-2.0

  Unless required by applicable law or agreed to in writing, software
  distributed under the License is distributed on an "AS IS" BASIS,
  WITHOUT WARRANTIES OR CONDITIONS OF ANY KIND, either express or implied.
  See the License for the specific language governing permissions and
  limitations under the License.
 -->

<ui:UiBinder xmlns:ui="urn:ui:com.google.gwt.uibinder"
             xmlns:gwt="urn:import:com.google.gwt.user.client.ui"
             xmlns:b="urn:import:com.github.gwtbootstrap.client.ui"
        >

    <ui:with field="i18n" type="org.kie.workbench.common.screens.datamodeller.client.resources.i18n.Constants"/>
    <gwt:HTMLPanel>
        <gwt:VerticalPanel ui:field="mainPanel" styleName="row-fluid">
            <gwt:HTMLPanel>
                <div style="height:660px;">
                    <table width="100%">
                        <tr>
                            <td><h6><gwt:Label ui:field="modelName"></gwt:Label></h6></td>
                            <td style="text-align: right;"><b:Button ui:field="newEntityButton" styleName="btn btn-primary" text="{i18n.modelBrowser_create}"/></td>
                        </tr>
                    </table>
                    <gwt:ScrollPanel  width="100%" height="544px">

                        <!--table table-bordered table-striped table-hover-->
                        <!--b:CellTable ui:field="dataObjectsTable" styleName="table table-condensed table-hover row-fluid"/-->
                        <b:CellTable ui:field="dataObjectsTable" styleName="table table-bordered table-striped table-hover"/>

                    </gwt:ScrollPanel>
                </div>

            </gwt:HTMLPanel>
        </gwt:VerticalPanel>
    </gwt:HTMLPanel>
</ui:UiBinder>
