<?xml version="1.0" encoding="utf-8"?>
<!--
  Copyright 2012 JBoss Inc

  Licensed under the Apache License, Version 2.0 (the "License");
  you may not use this file except in compliance with the License.
  You may obtain a copy of the License at

       http://www.apache.org/licenses/LICENSE-2.0

  Unless required by applicable law or agreed to in writing, software
  distributed under the License is distributed on an "AS IS" BASIS,
  WITHOUT WARRANTIES OR CONDITIONS OF ANY KIND, either express or implied.
  See the License for the specific language governing permissions and
  limitations under the License.
 -->

<ui:UiBinder xmlns:ui="urn:ui:com.google.gwt.uibinder"
             xmlns:gwt="urn:import:com.google.gwt.user.client.ui"
             xmlns:b="urn:import:com.github.gwtbootstrap.client.ui"
        >

    <ui:with field="i18n" type="org.kie.workbench.common.screens.datamodeller.client.resources.i18n.Constants"/>

    <!--gwt:HTMLPanel styleName="well container row-fluid "  height="310px"-->

    <gwt:HTMLPanel>

        <style>
            .propertiesTable {
            min-height: 320px !Important;
            min-width: 300px !Important;
            overflow: hidden;
            }

            .propertiesTable textarea {
            width: 185px !Important;
            resize: none;
            }

            .propertiesTable select,
            .propertiesTable input {
            width: 185px !Important;
            }

        </style>

        <div class="well propertiesTable">

        <table class="row-fluid span12" style="padding: 4px;">

            <tr>
                <td style="white-space: nowrap; vertical-align: top; min-width:110px;">
                    <gwt:Label ui:field="nameLabel" text="{i18n.objectFieldEditor_nameLabel}"/>
                </td>
                <td style="padding-left: 4px; padding-right:16px;">
                    <b:TextBox ui:field="name" styleName="span10 "></b:TextBox>
                </td>
                <td style="padding-left: 4px;">
                </td>
            </tr>

            <tr>
                <td colspan="3" style="padding: 3px;"></td>
            </tr>

            <tr>
                <td style="white-space: nowrap; vertical-align: top;">
                    <gwt:Label ui:field="labelLabel" text="{i18n.objectFieldEditor_labelLabel}"/>
                </td>
                <td style="padding-left: 4px;">
                    <b:TextBox ui:field="label" styleName="span10"></b:TextBox>
                </td>
                <td style="padding-left: 4px;">
                </td>
            </tr>
            <tr>
                <td colspan="3" style="padding: 3px;"></td>
            </tr>
            <tr>
                <td style="white-space: nowrap; vertical-align: top;">
                    <gwt:Label ui:field="descriptionLabel" text="{i18n.objectFieldEditor_descriptionLabel}"/>
                </td>
                <td style="padding-left: 4px;">
                    <b:TextArea ui:field="description" styleName="span10"></b:TextArea>
                </td>
                <td style="padding-left: 4px;">
                </td>
            </tr>
            <tr>
                <td colspan="3" style="padding: 3px;"></td>
            </tr>
            <tr>
                <td style="white-space: nowrap; vertical-align: top;">
                    <gwt:Label ui:field="typeLabel" text="{i18n.objectFieldEditor_typeLabel}"/>
                </td>
                <td style="padding-left: 4px;">
                    <b:ListBox ui:field="typeSelector" styleName="span10"></b:ListBox>
                </td>
                <td style="padding-left: 4px;">
                </td>
            </tr>
            <tr>
                <td colspan="3" style="padding: 3px;"></td>
            </tr>
            <tr>
                <td style="white-space: nowrap; vertical-align: top;">
                    <gwt:Label ui:field="equalsLabel" text="{i18n.objectFieldEditor_equalsLabel}"/>
                </td>
                <td style="padding-left: 4px;">
                    <b:CheckBox ui:field="equalsSelector"></b:CheckBox>
                </td>
                <td style="padding-left: 4px;">
                    <b:Popover placement="LEFT" trigger="HOVER" heading="{i18n.objectFieldEditor_equalsLabel}" text="{i18n.objectFieldEditor_equalsHelp}">
                        <b:Icon ui:field="equalsHelpIcon" type="QUESTION_SIGN"></b:Icon>
                    </b:Popover>
                </td>
            </tr>
            <tr>
                <td colspan="3" style="padding: 3px;"></td>
            </tr>
            <tr>
                <td style="white-space: nowrap; vertical-align: top;">
                    <gwt:Label ui:field="positionLabel" text="{i18n.objectFieldEditor_positionLabel}"/>
                </td>
                <td style="padding-left: 4px;">
                    <b:ListBox ui:field="positionSelector" styleName="span10"></b:ListBox>
                </td>
                <td style="padding-left: 4px;">
                    <b:Popover placement="LEFT" trigger="HOVER" heading="{i18n.objectFieldEditor_positionLabel}" text="{i18n.objectFieldEditor_positionHelp}">
                        <b:Icon ui:field="positionHelpIcon" type="QUESTION_SIGN"></b:Icon>
                    </b:Popover>
                </td>
            </tr>
        </table>

    </div>
    </gwt:HTMLPanel>

</ui:UiBinder>