<?xml version="1.0" encoding="utf-8"?>
<!--
  ~ Copyright 2012 JBoss Inc
  ~
  ~ Licensed under the Apache License, Version 2.0 (the "License");
  ~ you may not use this file except in compliance with the License.
  ~ You may obtain a copy of the License at
  ~
  ~       http://www.apache.org/licenses/LICENSE-2.0
  ~
  ~ Unless required by applicable law or agreed to in writing, software
  ~ distributed under the License is distributed on an "AS IS" BASIS,
  ~ WITHOUT WARRANTIES OR CONDITIONS OF ANY KIND, either express or implied.
  ~ See the License for the specific language governing permissions and
  ~ limitations under the License.
  -->
<!DOCTYPE ui:UiBinder SYSTEM "http://dl.google.com/gwt/DTD/xhtml.ent">
<ui:UiBinder xmlns:ui='urn:ui:com.google.gwt.uibinder'
             xmlns:bootstrap='urn:import:com.github.gwtbootstrap.client.ui'
             xmlns:gwt="urn:import:com.google.gwt.user.client.ui">

  <ui:with field="i18n"
           type="org.kie.workbench.common.screens.projecteditor.client.resources.i18n.ProjectEditorConstants"/>
  <ui:with field="resources"
           type="org.kie.workbench.common.screens.projecteditor.client.resources.ProjectEditorResources"/>

  <bootstrap:FluidContainer width="90%">
    <bootstrap:FluidRow addStyleNames="well">
      <bootstrap:DropdownButton text="{i18n.ProjectSettings}" ui:field="dropDownButton">

        <bootstrap:NavList>
          <bootstrap:NavHeader>
            <ui:text from="{i18n.ProjectSettings}"/>
          </bootstrap:NavHeader>
          <bootstrap:NavLink ui:field="generalSettingsButton">
            <ui:text from="{i18n.ProjectGeneralSettings}"/>
          </bootstrap:NavLink>
          <bootstrap:NavLink ui:field="dependenciesButton">
            <ui:text from="{i18n.Dependencies}"/>
          </bootstrap:NavLink>
          <bootstrap:NavLink ui:field="gavMetadataButton">
            <ui:text from="{i18n.Metadata}"/>
          </bootstrap:NavLink>
          <bootstrap:NavHeader>
            <ui:text from="{i18n.KnowledgeBaseSettings}"/>
          </bootstrap:NavHeader>
          <bootstrap:NavLink ui:field="kbaseButton">
            <ui:text from="{i18n.KnowledgeBasesAndSessions}"/>
          </bootstrap:NavLink>
          <bootstrap:NavLink ui:field="kbaseMetadataButton">
            <ui:text from="{i18n.Metadata}"/>
          </bootstrap:NavLink>
          <bootstrap:NavHeader>
            <ui:text from="{i18n.Imports}"/>
          </bootstrap:NavHeader>
          <bootstrap:NavLink ui:field="importsButton">
            <ui:text from="{i18n.ImportSuggestions}"/>
          </bootstrap:NavLink>
          <bootstrap:NavLink ui:field="importsMetadataButton">
            <ui:text from="{i18n.Metadata}"/>
          </bootstrap:NavLink>
          <!--<bootstrap:NavLink addStyleNames="nav-header" ui:field="categoriesButton">-->
          <!--<ui:text from="{i18n.Categories}"/>-->
          <!--</bootstrap:NavLink>-->
          <!--<bootstrap:NavLink ui:field="categoriedMetadataButton">-->
          <!--<ui:text from="{i18n.Metadata}"/>-->
          <!--</bootstrap:NavLink>-->
          <!--<bootstrap:NavLink addStyleNames="nav-header" ui:field="dslButton">-->
          <!--<ui:text from="{i18n.DSL}"/>-->
          <!--</bootstrap:NavLink>-->
          <!--<bootstrap:NavLink ui:field="metadataButton">-->
          <!--<ui:text from="{i18n.Metadata}"/>-->
          <!--</bootstrap:NavLink>-->
          <!--<bootstrap:NavLink addStyleNames="nav-header" ui:field="enumsButton">-->
          <!--<ui:text from="{i18n.Enums}"/>-->
          <!--</bootstrap:NavLink>-->
          <!--<bootstrap:NavLink ui:field="enumsMetadataButton">-->
          <!--<ui:text from="{i18n.Metadata}"/>-->
          <!--</bootstrap:NavLink>-->
        </bootstrap:NavList>
      </bootstrap:DropdownButton>
    </bootstrap:FluidRow>
    <gwt:DeckPanel ui:field="deckPanel"/>
  </bootstrap:FluidContainer>
</ui:UiBinder>
