<!--
~ Copyright 2012 JBoss Inc
~
~ Licensed under the Apache License, Version 2.0 (the "License");
~ you may not use this file except in compliance with the License.
~ You may obtain a copy of the License at
~
~       http://www.apache.org/licenses/LICENSE-2.0
~
~ Unless required by applicable law or agreed to in writing, software
~ distributed under the License is distributed on an "AS IS" BASIS,
~ WITHOUT WARRANTIES OR CONDITIONS OF ANY KIND, either express or implied.
~ See the License for the specific language governing permissions and
~ limitations under the License.
-->

<!DOCTYPE ui:UiBinder SYSTEM "http://dl.google.com/gwt/DTD/xhtml.ent">
<ui:UiBinder xmlns:ui="urn:ui:com.google.gwt.uibinder"
             xmlns:w="urn:import:org.kie.workbench.common.screens.explorer.client.widgets.navigator"
             xmlns:g="urn:import:com.google.gwt.user.client.ui"
             xmlns:b="urn:import:com.github.gwtbootstrap.client.ui">

  <ui:with field="resources" type="org.kie.workbench.common.screens.explorer.client.resources.ProjectExplorerResources"/>
  <ui:with field="i18n" type="org.kie.workbench.common.screens.explorer.client.resources.i18n.ProjectExplorerConstants"/>

  <g:HTMLPanel visible="true">
    <div ui:field="businessView">
      <b:Well styleName="{resources.CSS.viewContainer}">
        <w:Explorer ui:field="explorer"/>
        <hr/>
        <b:WellNavList ui:field="itemsContainer"/>
      </b:Well>
    </div>
  </g:HTMLPanel>

</ui:UiBinder>