<!--
  ~ Copyright 2013 JBoss Inc
  ~
  ~ Licensed under the Apache License, Version 2.0 (the "License");
  ~ you may not use this file except in compliance with the License.
  ~ You may obtain a copy of the License at
  ~
  ~       http://www.apache.org/licenses/LICENSE-2.0
  ~
  ~ Unless required by applicable law or agreed to in writing, software
  ~ distributed under the License is distributed on an "AS IS" BASIS,
  ~ WITHOUT WARRANTIES OR CONDITIONS OF ANY KIND, either express or implied.
  ~ See the License for the specific language governing permissions and
  ~ limitations under the License.
  -->

<!DOCTYPE ui:UiBinder SYSTEM "http://dl.google.com/gwt/DTD/xhtml.ent">
<ui:UiBinder xmlns:ui="urn:ui:com.google.gwt.uibinder"
             xmlns:g="urn:import:com.google.gwt.user.client.ui"
             xmlns:b="urn:import:com.github.gwtbootstrap.client.ui">

  <ui:with field="i18n" type="org.kie.workbench.common.screens.organizationalunit.manager.client.resources.i18n.OrganizationalUnitManagerConstants"/>
  <ui:with field="resources" type="org.kie.workbench.common.screens.organizationalunit.manager.client.resources.OrganizationalUnitManagerResources"/>

  <g:HTMLPanel>
    <table>
      <thead>
        <tr>
          <td>
            <b:Label text="{i18n.OrganizationalUnits}" addStyleNames="{resources.CSS.container}"/>
          </td>
          <td>
            <b:Label text="{i18n.OrganizationalUnitRepositories}" addStyleNames="{resources.CSS.container}"/>
          </td>
          <td/>
          <td>
            <b:Label text="{i18n.AllRepositories}" addStyleNames="{resources.CSS.container}"/>
          </td>
        </tr>
      </thead>
      <tr>
        <td>
          <b:ListBox ui:field="lstOrganizationalUnits" visibleItemCount="10" addStyleNames="{resources.CSS.container}"/>
        </td>
        <td>
          <b:ListBox ui:field="lstOrganizationalUnitRepositories" visibleItemCount="10" addStyleNames="{resources.CSS.container}"/>
        </td>
        <td>
          <g:VerticalPanel styleName="{resources.CSS.shuffleButtons}">
            <b:Button ui:field="btnAddRepository" icon="CHEVRON_LEFT" addStyleNames="{resources.CSS.container}"></b:Button>
            <b:Button ui:field="btnRemoveRepository" icon="CHEVRON_RIGHT" addStyleNames="{resources.CSS.container}"></b:Button>
          </g:VerticalPanel>
        </td>
        <td>
          <b:ListBox ui:field="lstAvailableRepositories" visibleItemCount="10" addStyleNames="{resources.CSS.container}"/>
        </td>
      </tr>
    </table>

    <b:Button ui:field="btnAddOrganizationalUnit" icon="PLUS_SIGN" type="PRIMARY" text="{i18n.AddOrganizationalUnit}"></b:Button>
    <b:Button ui:field="btnEditOrganizationalUnit" icon="EDIT" text="{i18n.EditOrganizationalUnit}"></b:Button>
    <b:Button ui:field="btnDeleteOrganizationalUnit" icon="MINUS_SIGN" type="DANGER" text="{i18n.DeleteOrganizationalUnit}"></b:Button>

  </g:HTMLPanel>

</ui:UiBinder>