<!--
  ~ Copyright 2012 JBoss Inc
  ~
  ~ Licensed under the Apache License, Version 2.0 (the "License");
  ~ you may not use this file except in compliance with the License.
  ~ You may obtain a copy of the License at
  ~
  ~       http://www.apache.org/licenses/LICENSE-2.0
  ~
  ~ Unless required by applicable law or agreed to in writing, software
  ~ distributed under the License is distributed on an "AS IS" BASIS,
  ~ WITHOUT WARRANTIES OR CONDITIONS OF ANY KIND, either express or implied.
  ~ See the License for the specific language governing permissions and
  ~ limitations under the License.
  -->

<!DOCTYPE ui:UiBinder SYSTEM "http://dl.google.com/gwt/DTD/xhtml.ent">
<ui:UiBinder xmlns:ui="urn:ui:com.google.gwt.uibinder"
             xmlns:g="urn:import:com.google.gwt.user.client.ui"
             xmlns:b="urn:import:com.github.gwtbootstrap.client.ui"
    >
  <ui:style>
    .input-append button.add-on {
      height: inherit !important;
    }

    .mysearch-text {
      padding: 4px !important;
    }
  </ui:style>

  <ui:with field="i18n" type="org.kie.workbench.common.screens.search.client.resources.i18n.Constants"/>

  <g:FlowPanel>
    <g:HTMLPanel>
      <div class='input-append'>
        <b:TextBox ui:field="termTextBox" placeholder="{i18n.SearchPlaceholder}" addStyleNames="{style.mysearch-text}"/>
        <b:Button icon="SEARCH" ui:field="search" addStyleNames="{style.add-on}"/>
      </div>
    </g:HTMLPanel>
    <g:SimplePanel ui:field="resultPanel"/>
  </g:FlowPanel>
</ui:UiBinder>