<?xml version="1.0" encoding="utf-8"?>
<!--
  Copyright 2012 JBoss Inc

  Licensed under the Apache License, Version 2.0 (the "License");
  you may not use this file except in compliance with the License.
  You may obtain a copy of the License at

       http://www.apache.org/licenses/LICENSE-2.0

  Unless required by applicable law or agreed to in writing, software
  distributed under the License is distributed on an "AS IS" BASIS,
  WITHOUT WARRANTIES OR CONDITIONS OF ANY KIND, either express or implied.
  See the License for the specific language governing permissions and
  limitations under the License.
 -->

<ui:UiBinder xmlns:ui="urn:ui:com.google.gwt.uibinder"
             xmlns:gwt="urn:import:com.google.gwt.user.client.ui"
        >

    <ui:with field="i18n" type="org.kie.workbench.common.screens.datamodeller.client.resources.i18n.Constants"/>

    <gwt:HTMLPanel>

<style>
    .BgTable {
        background-color: #FFFFFF !important;
        border-collapse: collapse;
        margin: 0px;
    }
    .TdLateralTable {
        background-color: #FFFFFF !important;
        vertical-align: top;
        padding: 10px;
        width: 20%;
    }
    .TdCentralTable {
        background-color: #FFFFFF !important;
        vertical-align: top;
        padding: 0px;
        padding: 10px 0;
        width: 60%;
    }
</style>

        <table class="BgTable">
            <tr>
                <td class="TdLateralTable">
                    <div class="well well-small">
                    <gwt:SimplePanel ui:field="browserPanel"></gwt:SimplePanel>
                    </div>
                </td>
                <td class="TdCentralTable">
                    <div>
                    <gwt:SimplePanel ui:field="dataObjectPanel"></gwt:SimplePanel>
                    </div>
                </td>
                <td class="TdLateralTable">
                    <div class="well well-small">
                        <div style="height:660px;">
                    <gwt:SimplePanel ui:field="propertiesPanel"></gwt:SimplePanel>
                        </div>
                    </div>
                </td>
            </tr>
        </table>


    </gwt:HTMLPanel>

</ui:UiBinder>

