<!--
~ Copyright 2012 JBoss Inc
~
~ Licensed under the Apache License, Version 2.0 (the "License");
~ you may not use this file except in compliance with the License.
~ You may obtain a copy of the License at
~
~       http://www.apache.org/licenses/LICENSE-2.0
~
~ Unless required by applicable law or agreed to in writing, software
~ distributed under the License is distributed on an "AS IS" BASIS,
~ WITHOUT WARRANTIES OR CONDITIONS OF ANY KIND, either express or implied.
~ See the License for the specific language governing permissions and
~ limitations under the License.
-->

<!DOCTYPE ui:UiBinder SYSTEM "http://dl.google.com/gwt/DTD/xhtml.ent">
<ui:UiBinder xmlns:ui="urn:ui:com.google.gwt.uibinder">

  <div class="home-top">
    <div id="carousel" class="carousel slide">
      <div ui:field="itemsElement" class="carousel-inner"/>
      <a class="left carousel-control" href="#carousel" data-slide="prev">&lt;</a>
      <a class="right carousel-control" href="#carousel" data-slide="next">&gt;</a>
    </div>
  </div>

</ui:UiBinder>